{
  "homography": [
    [
      1.0257579320941461,
      0.050944490167992414,
      -247.85047251533206
    ],
    [
      -0.006455199147049617,
      0.9890080845584519,
      -32.10617510695963
    ],
    [
      0.00017046668146851462,
      0.0001238540189210345,
      1.0
    ]
  ],
  "pixel_points": [
    [
      249.6248382923674,
      44.689655172413794
    ],
    [
      550.1681759379043,
      47.172413793103445
    ],
    [
      545.2005174644244,
      369.9310344827586
    ],
    [
      234.72186287192756,
      351.7241379310345
    ]
  ],
  "platform_points_mm": [
    [
      10.0,
      10.0
    ],
    [
      290.0,
      10.0
    ],
    [
      290.0,
      290.0
    ],
    [
      10.0,
      290.0
    ]
  ]
}